Input,Primary Category,Severity,Urgency,Diagnostic Possibilities,Identified Symptoms,Recommendations
"chest pain
shortness of breath
sweating
elevated heart rate",Cardiovascular,Level 4 - Severe - Life-threatening signs (confidence: 92.1%),Immediate - Emergency care required now (confidence: 96.5%),Cardiovascular: 100.0%; Respiratory: 47.3%; Emergency: 100.0%; Neurological: 8.9%,"chest pain, shortness of breath, sweating, elevated heart rate",IMMEDIATE MEDICAL ATTENTION REQUIRED; Call emergency services; Do not attempt to self-transport; Monitor vital signs until EMS arrives
"nausea
abdominal cramps
diarrhea
mild dehydration",Gastrointestinal,Level 2 - Mild - Minor to moderate discomfort (confidence: 78.6%),Routine - Can wait for scheduled appointment (confidence: 70.4%),Gastrointestinal: 100.0%; Emergency: 0.0%; Cardiovascular: 0.0%; Neurological: 0.0%,"nausea, abdominal cramps, diarrhea, mild dehydration",Maintain hydration; Monitor symptoms for 48 hours; Seek care if symptoms worsen or persist; Avoid solid foods temporarily
"headache
blurred vision
difficulty speaking
left arm weakness",Neurological,Level 5 - Critical - Immediate threat to life/function (confidence: 94.8%),Immediate - Emergency care required now (confidence: 98.7%),Neurological: 100.0%; Emergency: 100.0%; Cardiovascular: 55.2%; Respiratory: 0.0%,"headache, blurred vision, difficulty speaking, left arm weakness",Suspected stroke – Call emergency services immediately; Do not delay treatment; Keep patient calm and monitor for further neurological symptoms
"dry cough
fever
loss of taste
shortness of breath",Respiratory,Level 3 - Moderate - Needs clinical evaluation (confidence: 81.4%),Semi-urgent - Within 24-48 hours (confidence: 75.2%),Respiratory: 100.0%; Infectious: 83.5%; Emergency: 15.4%; Gastrointestinal: 0.0%,"dry cough, fever, loss of taste, shortness of breath",COVID-19 test recommended; Isolate and monitor symptoms; Seek care if breathing worsens; Maintain hydration and rest
